config_label,cpu_limit,memory_limit_mb,load_level,vus,total_requests,avg_latency_ms,p95_latency_ms,http_req_failed_rate
unconstrained,,,low,5,1379,3.695678616388693,9.100728899999998,0.0
cpu_1_mem_512,1.0,512.0,low,5,1384,3.3892536929190746,7.6822545,0.0
cpu_0.25_mem_128,0.25,128.0,low,5,1364,3.2663405351906163,8.116845649999998,0.0
unconstrained,,,medium,20,5251,3.2601256642544243,8.220437999999994,0.0
cpu_1_mem_512,1.0,512.0,medium,20,5265,3.34781551870846,8.711158599999997,0.0
cpu_0.25_mem_128,0.25,128.0,medium,20,5237,3.5733146394882556,9.320041999999995,0.0
unconstrained,,,high,50,13098,3.383155976332276,9.859114349999995,0.0
cpu_1_mem_512,1.0,512.0,high,50,13060,3.945669424425743,11.404763149999987,0.0
cpu_0.25_mem_128,0.25,128.0,high,50,11353,57.86058418426844,275.8728167999999,0.0
